-- Tháng 10/2024 - Order ID 1 đến 20

USE [Tên_Database_Cua_Ban]; -- Nhớ thay tên DB
GO

-- 1. Insert Orders (Tháng 10)
INSERT INTO [order_mgmt].[order] ([order_id], [order_date], [order_status], [actual_delivery_date]) VALUES
(1, '2024-10-01 08:30:00', 'Completed', '2024-10-03 10:00:00'),
(2, '2024-10-02 09:15:00', 'Completed', '2024-10-04 14:00:00'),
(3, '2024-10-03 10:20:00', 'Completed', '2024-10-05 09:00:00'),
(4, '2024-10-04 11:00:00', 'Completed', '2024-10-06 16:30:00'),
(5, '2024-10-05 13:45:00', 'Completed', '2024-10-07 11:00:00'),
(6, '2024-10-06 14:00:00', 'Completed', '2024-10-08 15:00:00'),
(7, '2024-10-07 15:30:00', 'Completed', '2024-10-09 10:00:00'),
(8, '2024-10-08 09:00:00', 'Completed', '2024-10-10 12:00:00'),
(9, '2024-10-09 16:00:00', 'Completed', '2024-10-11 14:00:00'),
(10, '2024-10-10 10:10:00', 'Completed', '2024-10-12 09:30:00'),
(11, '2024-10-11 11:15:00', 'Completed', '2024-10-13 16:00:00'),
(12, '2024-10-12 12:20:00', 'Completed', '2024-10-14 10:00:00'),
(13, '2024-10-13 14:00:00', 'Completed', '2024-10-15 11:00:00'),
(14, '2024-10-14 15:30:00', 'Completed', '2024-10-16 13:00:00'),
(15, '2024-10-15 09:45:00', 'Completed', '2024-10-17 09:00:00'),
(16, '2024-10-16 10:00:00', 'Completed', '2024-10-18 15:00:00'),
(17, '2024-10-17 16:30:00', 'Completed', '2024-10-19 14:00:00'),
(18, '2024-10-18 11:20:00', 'Completed', '2024-10-20 10:00:00'),
(19, '2024-10-19 13:00:00', 'Completed', '2024-10-21 12:00:00'),
(20, '2024-10-20 14:15:00', 'Completed', '2024-10-22 09:00:00');

-- 2. Insert Single Items (Sản phẩm lẻ - Product ID: 101 -> 105)
INSERT INTO [order_mgmt].[order_single_item] ([order_id], [product_variant_id], [quantity], [unit_price], [unit_profit]) VALUES
(1, 101, 2, 50000, 10000), (1, 102, 1, 100000, 20000), -- Order 1 mua 2 món
(3, 103, 5, 20000, 5000),
(5, 101, 1, 50000, 10000),
(7, 104, 2, 150000, 30000),
(9, 105, 1, 300000, 50000), (9, 101, 2, 50000, 10000),
(11, 102, 3, 100000, 20000),
(13, 103, 10, 20000, 5000),
(15, 104, 1, 150000, 30000),
(17, 105, 1, 300000, 50000),
(19, 101, 4, 50000, 10000), (19, 102, 1, 100000, 20000);

-- 3. Insert Combo Items (Combo - Combo ID: 1 -> 5)
INSERT INTO [order_mgmt].[order_combo_item] ([order_id], [combo_id], [quantity], [combo_price], [unit_profit]) VALUES
(2, 1, 1, 200000, 40000), -- Order 2 chỉ mua combo
(4, 2, 2, 150000, 25000),
(6, 3, 1, 500000, 80000),
(8, 1, 2, 200000, 40000),
(10, 4, 1, 300000, 60000),
(12, 5, 1, 450000, 90000),
(14, 2, 3, 150000, 25000),
(16, 3, 1, 500000, 80000),
(18, 1, 1, 200000, 40000),
(20, 4, 2, 300000, 60000),
(1, 1, 1, 200000, 40000), -- Order 1 mua thêm combo (Hỗn hợp)
(9, 2, 1, 150000, 25000); -- Order 9 mua thêm combo (Hỗn hợp)
GO