-- Tháng 11/2024 - Order ID 21 đến 40

USE [Tên_Database_Cua_Ban];
GO

-- 1. Insert Orders (Tháng 11)
INSERT INTO [order_mgmt].[order] ([order_id], [order_date], [order_status], [actual_delivery_date]) VALUES
(21, '2024-11-01 08:00:00', 'Completed', '2024-11-03 10:00:00'),
(22, '2024-11-02 09:00:00', 'Completed', '2024-11-04 11:00:00'),
(23, '2024-11-03 10:00:00', 'Completed', '2024-11-05 14:00:00'),
(24, '2024-11-04 11:00:00', 'Completed', '2024-11-06 16:00:00'),
(25, '2024-11-05 12:00:00', 'Completed', '2024-11-07 09:00:00'),
(26, '2024-11-06 13:00:00', 'Completed', '2024-11-08 10:00:00'),
(27, '2024-11-07 14:00:00', 'Completed', '2024-11-09 15:00:00'),
(28, '2024-11-08 15:00:00', 'Completed', '2024-11-10 13:00:00'),
(29, '2024-11-09 16:00:00', 'Completed', '2024-11-11 09:30:00'),
(30, '2024-11-10 17:00:00', 'Completed', '2024-11-12 11:00:00'),
(31, '2024-11-11 08:30:00', 'Completed', '2024-11-13 10:30:00'),
(32, '2024-11-12 09:45:00', 'Completed', '2024-11-14 14:30:00'),
(33, '2024-11-13 10:15:00', 'Completed', '2024-11-15 16:00:00'),
(34, '2024-11-14 11:20:00', 'Completed', '2024-11-16 09:00:00'),
(35, '2024-11-15 12:30:00', 'Completed', '2024-11-17 10:00:00'),
(36, '2024-11-16 13:40:00', 'Completed', '2024-11-18 15:00:00'),
(37, '2024-11-17 14:50:00', 'Completed', '2024-11-19 13:00:00'),
(38, '2024-11-18 15:10:00', 'Completed', '2024-11-20 09:30:00'),
(39, '2024-11-19 16:20:00', 'Completed', '2024-11-21 11:00:00'),
(40, '2024-11-20 17:30:00', 'Completed', '2024-11-22 10:30:00');

-- 2. Insert Single Items (Tăng cường mua lẻ nhiều hơn)
INSERT INTO [order_mgmt].[order_single_item] ([order_id], [product_variant_id], [quantity], [unit_price], [unit_profit]) VALUES
(21, 101, 5, 50000, 10000),
(23, 102, 2, 100000, 20000), (23, 105, 1, 300000, 50000),
(25, 103, 1, 20000, 5000),
(27, 104, 3, 150000, 30000),
(29, 101, 1, 50000, 10000),
(31, 102, 4, 100000, 20000),
(33, 103, 2, 20000, 5000),
(35, 104, 1, 150000, 30000),
(37, 105, 2, 300000, 50000),
(39, 101, 3, 50000, 10000), (39, 103, 5, 20000, 5000),
(22, 102, 1, 100000, 20000), -- Order 22 mua hỗn hợp
(24, 104, 1, 150000, 30000); -- Order 24 mua hỗn hợp

-- 3. Insert Combo Items
INSERT INTO [order_mgmt].[order_combo_item] ([order_id], [combo_id], [quantity], [combo_price], [unit_profit]) VALUES
(22, 1, 2, 200000, 40000),
(24, 3, 1, 500000, 80000),
(26, 2, 1, 150000, 25000),
(28, 4, 1, 300000, 60000),
(30, 5, 2, 450000, 90000),
(32, 1, 1, 200000, 40000),
(34, 2, 3, 150000, 25000),
(36, 3, 1, 500000, 80000),
(38, 4, 1, 300000, 60000),
(40, 5, 1, 450000, 90000);
GO