-- Tháng 12/2024 - Order ID 41 đến 60

USE [Tên_Database_Cua_Ban];
GO

-- 1. Insert Orders (Tháng 12)
INSERT INTO [order_mgmt].[order] ([order_id], [order_date], [order_status], [actual_delivery_date]) VALUES
(41, '2024-12-01 09:00:00', 'Completed', '2024-12-03 10:00:00'),
(42, '2024-12-02 10:00:00', 'Completed', '2024-12-04 11:00:00'),
(43, '2024-12-03 11:00:00', 'Completed', '2024-12-05 14:00:00'),
(44, '2024-12-04 12:00:00', 'Completed', '2024-12-06 16:00:00'),
(45, '2024-12-05 13:00:00', 'Completed', '2024-12-07 09:00:00'),
(46, '2024-12-06 14:00:00', 'Completed', '2024-12-08 10:00:00'),
(47, '2024-12-07 15:00:00', 'Completed', '2024-12-09 15:00:00'),
(48, '2024-12-08 16:00:00', 'Completed', '2024-12-10 13:00:00'),
(49, '2024-12-09 17:00:00', 'Completed', '2024-12-11 09:30:00'),
(50, '2024-12-10 08:30:00', 'Completed', '2024-12-12 11:00:00'),
(51, '2024-12-11 09:45:00', 'Completed', '2024-12-13 10:30:00'),
(52, '2024-12-12 10:15:00', 'Completed', '2024-12-14 14:30:00'),
(53, '2024-12-13 11:20:00', 'Completed', '2024-12-15 16:00:00'),
(54, '2024-12-14 12:30:00', 'Completed', '2024-12-16 09:00:00'),
(55, '2024-12-15 13:40:00', 'Completed', '2024-12-17 10:00:00'),
(56, '2024-12-16 14:50:00', 'Completed', '2024-12-18 15:00:00'),
(57, '2024-12-17 15:10:00', 'Completed', '2024-12-19 13:00:00'),
(58, '2024-12-18 16:20:00', 'Completed', '2024-12-20 09:30:00'),
(59, '2024-12-19 17:30:00', 'Completed', '2024-12-21 11:00:00'),
(60, '2024-12-20 18:00:00', 'Completed', '2024-12-22 10:30:00');

-- 2. Insert Single Items (Tập trung vào sản phẩm giá trị cao)
INSERT INTO [order_mgmt].[order_single_item] ([order_id], [product_variant_id], [quantity], [unit_price], [unit_profit]) VALUES
(41, 105, 1, 300000, 50000), (41, 104, 1, 150000, 30000),
(43, 105, 2, 300000, 50000),
(45, 104, 5, 150000, 30000),
(47, 101, 10, 50000, 10000),
(49, 102, 1, 100000, 20000),
(51, 103, 1, 20000, 5000),
(53, 105, 3, 300000, 50000),
(55, 104, 1, 150000, 30000),
(57, 101, 1, 50000, 10000),
(59, 102, 1, 100000, 20000),
(42, 101, 1, 50000, 10000), -- Order 42 hỗn hợp
(60, 105, 1, 300000, 50000); -- Order 60 hỗn hợp

-- 3. Insert Combo Items (Mua combo số lượng lớn - Dịp Tết)
INSERT INTO [order_mgmt].[order_combo_item] ([order_id], [combo_id], [quantity], [combo_price], [unit_profit]) VALUES
(42, 5, 2, 450000, 90000),
(44, 5, 1, 450000, 90000),
(46, 5, 3, 450000, 90000),
(48, 4, 2, 300000, 60000),
(50, 4, 1, 300000, 60000),
(52, 3, 2, 500000, 80000),
(54, 3, 1, 500000, 80000),
(56, 2, 5, 150000, 25000),
(58, 1, 10, 200000, 40000),
(60, 5, 1, 450000, 90000);
GO